name,location_x,location_y,reviews,rating,staff,facilities,cleanliness,comfort,money_value,location,wifi,night_price
Riad Janate & SPA,31.63359,-7.986248,391,9.3,9.7,9.4,9.5,9.5,9.2,8.6,8.3,2842
La Ferme Ecolodge,30.60497169,-6.16689841,25,8.8,9,9.1,8.9,8.9,9,9.5,9,279
Riad Qodwa,31.52871748,-7.8693974,102,8.5,9.3,8.1,8.7,8.7,8.7,8.1,10,520
Airport Apartment Suite Casablanca FREE WIFI Modern Confort Calme,33.39254558,-7.55895853,60,9.8,9.9,9.9,9.8,9.9,9.8,9.5,7.5,652
Riad Raoud Rayhane,31.51387438,-9.77123111,247,9,9.3,9.2,9.4,9.4,9,9.6,10,656
Marrakech Ryads Parc All inclusive,31.68843559,-7.98714101,1,7.5,8.4,7.5,7.8,7.8,7.6,7.3,7.4,1535
Auberge Restaurant Telouet,31.28983317,-7.23663479,70,8.3,9.4,7.7,8.2,8.1,8.7,9.4,8.8,323
La Maison Jaune Dakhla Maison d'hôtes,23.7097408,-15.92297383,59,8.6,8.9,8.6,8.9,8.9,8.5,9.1,8.3,794
Riad Hayati,31.6220884,-7.9845188,46,9.5,9.9,9.4,9.8,9.6,9.2,9.9,6.7,1001
Hotel Leonor,35.22947204,-3.03163969,71,7.9,8.7,7.5,8.2,8.1,8.1,8.4,8.7,724
Auberge Kasbah Tiriguioute,31.099877,-6.557685,78,9.7,9.9,9.4,9.6,9.5,9.6,9.6,8.8,602
Kasbah Ait BenHadda,31.03852094,-6.57673359,346,9.3,9.8,9.1,9.3,9.1,9.4,8.9,9,524
RIAD LA SANTA,35.167445,-5.263292,238,8.8,9.4,8.6,9,9,9,9.6,7.5,802
Hyatt Place Taghazout Bay,30.52946788,-9.68710899,1,8.1,8.7,8.4,8.7,8.7,7.6,8.2,7.8,1802
Auberge Restaurant Atlas,31.5532455,-5.58526039,294,9.4,9.9,9.2,9.5,9.3,9.5,9.6,9,479
Royal Mirage Fes Hotel,34.03752884,-5.00397205,508,6.7,7.8,6.6,7.1,7.2,6.5,8.4,6.7,970
Villa Nour,31.45575744,-9.75165367,159,8.5,9.2,8.5,8.9,8.9,8.7,8.1,8.3,1163
Hotel Central Palace,31.62482589,-7.98835605,756,7.9,9.2,7.6,8,7.9,8.6,9.3,7.9,421
Riad Swaka,31.62151618,-7.98347712,256,9,9.7,8.8,9.2,9.1,8.9,9.2,8.8,1672
Hotel la renaissance tata,29.74264949,-7.97389009,15,8.1,9.3,7.7,8.5,8.3,8.2,8.5,9.3,401
Dawliz Rabat Art & Spa,34.02792637,-6.81295574,703,8,8.4,8.2,8.3,8.5,7.6,8.9,8.4,1715
HOTEL Bab Rimal,30.12872262,-6.86587572,63,8.3,8.9,8.3,8.1,8.5,7.9,8.7,6.7,892
HOTEL DES THERMES,33.388549,-6.094645,19,8.4,9.3,7.8,8.6,8.4,8.4,8.8,9.3,391
Kasbah Baha Baha,30.87128814,-5.86335182,94,9.2,9.3,9.1,9.3,9.3,9.3,9.2,5,446
Auberge la belle vue dades,31.50779391,-5.94239074,19,9.7,10,9.5,9.7,9.2,9.7,9.6,10,246
Dar Timitar,31.28668838,-6.14291847,144,9.4,9.7,9.3,9.5,9.5,9.6,9.7,9.6,573
Riad Awa,31.61735467,-7.99006462,66,8.9,9.5,8.9,9.1,9.1,8.8,9.4,9.5,1448
HOTEL BEAUTIFUL,35.152665,-2.925886,133,8.2,8.8,8,8.5,8.5,8.3,8.3,9,568
Maison Mk,31.62734928,-7.99222648,40,8.8,9.4,8.9,9.1,9.1,8.5,9.3,5,3009
Riad 11 Zitoune,31.62490539,-7.98783168,220,9.4,9.9,9.3,9.7,9.5,9,9.7,7.5,1705
Tigmi Tachddirt - Imlil Les montagnes de l'Atlas Tacheddirt,31.15582586,-7.84563624,32,9,9.1,8.6,8.4,8.8,9.4,9.5,9.1,267
LHOSTEL à Casablanca,33.5616823,-7.62942548,777,8.3,9.1,8.4,8.6,8.5,8.4,8.1,8.6,422
Dar Ajgal,29.72668,-9.177018,35,9.3,9.8,9.2,9.8,9.4,9.1,8.8,10,554
Zahra Luxury Desert Camp,31.05919131,-3.9856489,340,9.6,9.8,9.4,9.6,9.6,9.6,9.8,8.3,807
Dar Sababa,35.169991,-5.263514,381,8.9,9.5,8.6,8.9,8.9,9,9.6,8.2,591
Pestana CR7 Marrakech,31.62226436,-8.01703478,480,8.7,9.3,8.9,9.2,9.3,8.2,9.4,7.5,2102
Palais Tara & Spa,31.62707999,-7.9917691,38,9.6,10,9.5,9.9,9.6,9.3,9.5,10,2809
Les Jardins Yasmina Bin el-Ouidane,32.08581106,-6.45414606,117,8.6,9.2,8.8,9.2,9,8.4,8,8.6,953
Jnane Yemma,35.67903797,-5.90010001,88,8.4,8.8,8.5,9.1,9,8,7.5,6.7,892
Kasbah Hotel Camping Jurassique,32.15384929,-4.37535077,266,8.7,9.5,8.1,8.5,8.4,9.1,9.3,6.7,246
Dar Essaki 1886,35.786656,-5.811304,481,8.5,9.5,8.4,8.7,8.6,8.9,9,8.9,445
Hôtel panoramique de la vallée,31.51566249,-5.93372368,44,8.6,9.8,7.7,8.6,8.3,9.1,9.3,9.8,271
Riad el Boukhiri,31.62822167,-7.98845727,74,8.2,9.2,8.2,8.3,8.2,8.8,9.1,9.2,502
Riad White House,31.627883,-7.981199,95,8.2,9.2,7.8,8.6,8.1,8.9,8.5,8.1,1044
Moussem des Fiançailles,32.157112,-5.63148,65,7.6,9,7.3,7.9,7.5,8.3,8.2,6.7,379
Atlas Orient,34.67684971,-1.91577584,443,7.8,8.7,7.5,8.1,8,7.6,8.9,7.6,640
Riad Bindoo & Spa,31.63202818,-7.99566239,303,9.1,9.8,8.9,9.2,9.2,8.9,8.9,8.3,1849
Hôtel Molen,35.15260008,-2.92602181,255,7,7.8,7.3,7.7,7.6,7.4,7.9,5.4,552
Le Calme a Temara,33.91477592,-6.92046069,45,7.6,8.3,7.7,8.7,8,8.1,7.9,7.5,306
Riad Lyon-Mogador,31.51502237,-9.7702454,445,9.2,9.8,9.1,9.4,9.3,9.2,9.6,7.9,886
Riad Marhaba,31.51976057,-5.93080681,98,9.3,9.6,9.2,9.4,9.4,9.6,9.5,10,353
Jardin de la source,31.43839542,-6.01539796,79,9.1,9.7,8.4,8.9,8.9,9.4,9.4,6.3,313
Dar Azawad,29.82890793,-5.66816211,47,8,8.8,8,8.3,8.6,8.2,9.1,8.8,729
Villa Diaf Johanne,31.554524,-7.72876198,46,9.2,9.6,9.3,9.7,9.7,9,8.7,7.5,847
Riad de l'Olivier-Paradise Valley,30.62061132,-9.5148924,55,8.7,9.3,8.3,8.6,8.8,8.9,9,10,433
Kenzi Rissani,31.93542883,-4.42177176,209,5.7,7.9,5.6,6.1,6.3,5.6,7.6,6.1,702
Hotel Cote ocean Mogador,31.508389,-9.766083,932,8.5,9.1,8.4,9,9,8.2,9.5,7.7,1337
Imsouane Sunrise GuestHouse,30.84374794,-9.81890561,110,9,9.6,8.9,9.2,9.1,9.3,9.1,10,401
Le Gite du Barrage,33.49694378,-5.18085783,208,9.3,9.9,8.8,9.5,9.3,9.4,9.4,9.4,582
Riad Las Mil y una Noches Tetuan,35.57090526,-5.36968613,736,9.2,9.8,9.1,9.4,9.2,9.2,9.5,9.2,524
HomeStay Hotel Berbère de la Montagne,31.56362117,-5.90624571,35,8.9,9.7,8.9,9,8.8,9.6,9.7,9.7,474
Hotel Dakhla Ville,23.6973377,-15.93135275,179,8.8,9.6,8.4,9.1,8.8,8.7,9.4,8.5,624
Valeria Jardins d'Agadir - All In,30.40710636,-9.59756345,317,7.3,8.4,7.3,7.7,7.7,7.4,8.1,6.8,1326
Riad Les Hirondelles Boutique Hotel,31.631977,-7.986611,212,9.5,9.9,9.5,9.7,9.7,9.4,9.6,8.8,1471
Riad le petit ksar,33.89418296,-5.56676889,101,9.1,9.4,9.1,9.3,9.3,9.2,9.3,10,623
Novotel Marrakech Hivernage,31.62271526,-8.00237328,571,7,7.9,7,7.4,7.5,6.9,8.9,8.3,1420
Riad Les Yeux Bleus,31.63048951,-7.99660653,210,8.3,8.9,8.4,8.7,8.7,8.2,8.8,7.1,1501
Taj Atlas Wellness Boutique Hôtel & Spa,31.29019947,-8.22467533,254,8.9,9.7,8.5,9,9,8.8,8.6,7.5,876
Joumaya Blue Manoir,33.52732538,-7.76860396,12,10,10,9.8,10,9.8,9.2,9.6,5,1782
Blue Sea Le Printemps,31.6341601,-8.01367195,2,7.7,8.8,7.6,8,8,7.9,8.6,7.9,702
Palais Rhoul & Spa Dakhla,23.704711,-15.924679,99,9,9.4,9,9.3,9.2,8.7,9.2,9.3,2476
La Maison Des Oliviers,31.56486077,-7.98067153,474,8.4,9,8.4,8.9,8.9,8.5,7.6,8,1313
Dar Chrif,31.6357649,-8.0187715,63,8.1,8.9,8.1,8.5,8.4,8.3,8.9,7.1,855
Riad Tamazouzt,31.62420439,-7.98810393,780,8.9,9.7,8.5,8.9,8.8,9.3,9.6,9.4,557
Sofitel Essaouira Mogador Golf & Spa,31.47091219,-9.76696908,970,7.2,8.3,6.9,7.6,7.6,6.9,8.4,8.1,1350
Kasbah Petit Nomade,31.52750088,-5.55634081,121,9.6,9.9,9.4,9.6,9.6,9.6,9,9.2,669
Sbai Palace,29.82505054,-5.68002849,36,9.1,9.4,9,9.4,9.4,8.9,9.1,7.5,1003
Hôtel Riad Salam Agadir,30.40982491,-9.58290325,353,8.1,9,8.1,8.6,8.5,8.5,7.7,8.8,379
Selina Agafay Nomad Camp,31.489729,-8.187887,339,8.1,7.8,8.5,8.7,8.6,7.7,9,9.6,858
Imsouane Magic House,30.84162981,-9.81684235,154,8.7,9.1,8.4,8.7,8.9,7.8,9.3,6.3,1783
Auberge Camping La Liberté,31.09385034,-4.0036862,41,9.3,9.8,8.9,9,8.8,9.3,9.6,7.5,390
Kenzi Basma,33.59448022,-7.62073785,1,7.8,8.4,7.8,8.1,8.2,7.9,8.4,8.5,703
Auberge Sable D'Or,29.44680048,-10.11502568,136,8.3,9.1,7.3,8,8,8.8,9.6,9.1,321
Riad Borj El Baroud,31.511915,-9.769574,89,8.4,9.4,8.1,8.6,8.7,8.3,9.5,9.4,836
Riad Soleil du Monde,30.31203501,-5.82962578,305,8.9,9.4,8.7,8.8,8.9,9.2,9,7.9,401
Riad D'or,33.89445973,-5.56413263,542,8.8,9.5,8.7,8.9,8.9,9.1,9.3,8.4,552
Radisson Blu Hotel Casablanca City Center,33.593688,-7.60776,2,8.2,8.8,8.4,8.8,8.9,8,7.5,8.6,1485
Relax Hotel Casa Voyageurs,33.58664696,-7.59242819,2,8.5,9.2,8.6,8.9,8.9,8.6,8.7,8.8,659
Kasba Oum Hani d'Ouzoud,32.01657743,-6.71100229,112,8.9,9.1,8.7,9.1,9,9.2,9.3,7.5,379
Ecolodge l'île de Ouarzazate,30.90606806,-6.85749918,521,8.4,9.2,8.2,8.5,8.5,8.7,8.3,7.5,772
Dar M'hamid,29.82697436,-5.724043,74,9.1,9.5,8.6,9.1,8.8,9.3,9.4,10,401
Atlas Tigmi,31.24001185,-7.66445911,31,8,9.1,7.3,7.9,7.9,8.2,8.5,9.1,284
Best Luxury Camp,31.11233718,-4.00661419,62,9.3,9.3,9.6,9.6,9.6,9.2,9.8,10,948
Christina's House,35.46215287,-6.03606155,334,8.4,9,8.4,8.8,8.5,8.6,8.3,7.8,557
Dar Panoramic Fez,34.05982035,-4.97143454,201,9.2,9.8,9.1,9.1,9.1,9.6,9.1,7.9,479
maison d'hôtes tifrit,30.59906496,-9.49713157,171,8.2,9.1,7.7,8.1,8.2,8.6,9.2,6.3,334
Maison D'hôte Amridil,31.048644,-6.57769704,85,9.2,9.8,9,9.2,9.1,9.4,9.3,7.5,568
Barceló Tanger,35.77770122,-5.79979554,642,8.2,8.6,8.6,8.9,9,7.6,9.2,8,1568
Marina Rabat Suites & Apartments,34.03076527,-6.82098895,208,8,8.7,8,8.2,8.3,7.6,8.9,8.2,1163
Prestige du Souss,30.63942977,-8.46718826,25,9.4,9.7,9.6,9.6,9.5,8.9,8.8,7.5,1694
Azur Tafraout,29.714937,-8.978817,51,9.1,9.8,8.7,9.3,9,9.4,9.3,10,334
Riad El Yacout,34.06006371,-4.98065829,38,8.4,9.3,8.3,8.9,9,8.4,9.5,10,1555
La Rose Du Desert,31.44859559,-4.22679126,163,9.1,9.5,9,9.2,9.1,9.1,8.9,9.3,780
Aparthotel & Hotel Doha,35.19262458,-2.93136054,159,8.5,9.1,8.5,8.9,8.9,8.5,8.4,8.2,669
Villa amira et spa,31.64722112,-8.01461354,489,8.9,9.6,8.8,9.2,9,9.1,8.8,7,812
Dar Ilyana,30.66936027,-6.14528892,24,9.5,9.8,9.4,9.8,9.6,9.6,9,9.8,321
Le cèdre d'argent,34.06727849,-4.973647,342,8.2,9,8.3,8.4,8.5,8.5,8.2,5.8,642
Aftas Trip,29.61124552,-10.01971149,204,8.8,9.5,8.7,9,9.1,8.6,8.8,6.5,724
Sofitel Marrakech Lounge and Spa,31.62176285,-8.00220698,618,7.8,8.2,8.1,8.5,8.7,7.5,9.2,8.5,4500
Kasbah Chems,31.38392434,-6.131621,118,9.2,9.7,8.9,9.3,9.4,9.3,9.5,9.5,446
Tigmi surf morocco,30.56223136,-9.70544118,49,9.1,9.5,8.6,8.9,9,9.3,8.2,9.5,379
Maison d'Hôtes Irocha,31.12625227,-7.32485533,155,9.1,9.5,9,9.3,9.2,9,8.8,7.5,401
Saharian Luxury Camp,31.21133333,-3.95064319,52,9.2,9.6,9.4,9.5,9.6,9,9.4,9.6,1326
Dar Yanis,34.02499428,-6.8404752,607,8.7,9.4,8.4,8.8,8.7,8.8,9.5,8.2,429
Allegro Agadir,30.41314121,-9.60050583,1,7.9,8.6,8.1,8.4,8.4,8.1,8.8,8.4,1311
Merzouga Sahara Luxury Camp,31.11301181,-4.00596883,106,9.5,9.5,9.6,9.5,9.6,9.3,9.7,10,1114
Salma Palms Hôtel,31.86179475,-4.26646714,9,7.2,8.3,8.1,7.5,7.5,7.8,8.1,8.3,724
Hotel A44,35.58964041,-5.33388376,644,8,8.5,8.1,8.6,8.4,8.3,8.6,8.6,460
Kasbah Ennakb,30.87170399,-5.86418932,21,8.7,9.4,8.6,8.8,8.8,8.9,9.4,9.4,502
Auberge restaurant Afoud,32.00721584,-5.48741613,64,9.2,9.8,9,9.2,9,9.6,9.4,10,379
Hôtel Ibn Batouta,31.630263,-8.006181,2,8.6,9.3,8.5,8.9,8.9,8.8,9.3,8.3,948
Palm's Hotel Club,31.40968328,-4.24899727,62,7.9,8.5,7.5,7.9,7.9,8.1,8.3,5,981
Hotel Safari Week-end,32.68092087,-4.73639645,28,8.4,9.4,8.4,8.7,8.8,9,9.2,8.8,334
Tigmi Dar Samy,32.09719,-6.466312,147,8.8,9.5,8.6,9.1,8.9,8.7,9.4,7.5,662
Mhamid Camp Excursions,29.8280512,-5.72720634,66,9.4,9.3,9.5,9.3,9.3,9.4,9.3,9.3,301
Maison La Vallée Des Figues,31.45480103,-5.97383469,57,9.4,9.9,9,9,9.3,9.5,9.6,9.9,286
Roof House Hostel,30.5454019,-9.7074527,115,8.4,9.1,8.1,8.1,8.4,8.8,9,8,390
Zephyr Agadir,30.40042332,-9.58780732,790,8.5,8.4,8.7,9.1,9.1,8.9,8.7,7.7,691
Jardin Kotori Luxury Camp,31.217095,-3.943036,9,10,10,9.7,10,10,10,10,10,1170
RIAD DLIM TAMRAGHT,30.51635006,-9.67667362,31,9.2,9.9,9.3,9.6,9.4,9.4,7.7,9.9,582
Adam's home,34.0153774,-6.84802153,60,9.2,9.7,9.5,9.6,9.5,9.4,9.2,8.3,322
Riad Samarine,31.62856195,-7.98822215,171,8.9,9.4,9,9.3,9.2,9.1,9.3,9.1,1115
Fairmont La Marina Rabat Sale Hotel And Residences,34.03262104,-6.82928503,1,10,10,10,10,10,7.5,10,10,3700
"Tanger Med Hotel, Conference & Catering",35.68236158,-5.69059879,336,7.9,8.8,8,8.5,8.5,8.3,7.6,7.2,502
Hotel Idou Tiznit,29.707649,-9.733338,87,7.2,8.1,6.7,7.9,7.9,7.2,8.4,7.8,712
Auberge Toubkal Amsouzart Aitst Idar,31.01435963,-7.83367589,14,9,9.6,8.2,8.2,8.6,9.3,8.9,9.6,212
Palais Fes Yahya,34.05906416,-4.97452278,264,9.8,9.9,9.8,9.8,9.8,9.9,9.6,8.8,602
Hotel Cecil,31.62522111,-7.98851095,609,8,8.8,7.5,7.9,8,8.6,9.5,7.4,316
Palais Clementina & Spa,31.54805,-7.97746,172,7.4,8.4,7.1,7.6,7.8,7.8,7.7,7.5,802
Riad Zaouia 44,31.63920622,-7.98924923,242,9,9.7,9,9.3,9.4,9.2,8,8.3,1277
Domaine Villate Limoune,30.38574827,-9.23943735,115,9.1,9.3,9.1,9.3,9.4,8.4,9.2,7.5,2652
Riad Dar Haven,30.51400858,-9.6811223,131,9,9.6,9.2,9.4,9.3,9.2,8.3,8.8,1056
Guest House Bagdad Café,31.04264607,-7.13020474,369,9.4,9.8,9.5,9.7,9.6,9.6,9.6,9.2,669
Kasbah Valentine,31.04305744,-7.13091016,254,8.9,8.6,8.9,9,9,9.3,9.5,8.8,357
Riad Zina Fes,34.064794,-4.972399,370,9.1,9.7,8.9,9,9.1,9.4,8.8,8,392
Hôtel Sable d'Or,28.43901061,-11.10291032,57,7.7,8.8,7.2,8,7.9,7.9,8.6,5.5,390
Hotel Le Médina Essaouira Thalassa sea & spa – Mgallery,31.50860769,-9.7663857,713,8,8.8,7.7,8.3,8.4,7.6,9.4,8.3,1620
Palais Ghiat,31.50403179,-7.85024643,170,7.8,9,7.6,7.7,7.9,8.2,7.8,5.3,533
Dar Ziouane,35.4153551,-5.09599566,40,7.7,7.8,7.3,7.9,7.6,8.4,7.4,7.8,421
Oasis Palm Hotel,29.03097174,-9.99939524,170,8.1,8.7,8.3,8.5,8.6,7.8,7.9,7.5,1003
Oscar Hotel by Atlas Studios,30.94071572,-6.96700573,490,8.3,8.6,8.3,8.8,8.7,8.1,8.6,7.9,947
El Olivar Palace Marrakech-All Inclusive,31.52424296,-7.95768331,1,8.5,9.2,8.7,9,9,8.3,8,7.9,2040
Merzouga Luxury Camp,31.11243735,-4.00648121,211,9.4,9.5,9.4,9.4,9.4,9.3,9.7,8.6,1783
Auberge Le Festival Todra Gorge,31.58823718,-5.59463203,454,9.3,9.6,9.2,9.1,9.3,9.2,9.7,8.4,792
RIAD CHANT D'ETOILES tadighoust,31.8113673,-4.9671833,8,10,10,9.4,10,10,10,9.4,10,657
Hotel Atlas,31.157217,-7.463154,4,7.5,7.5,7.5,8.1,8.1,8.1,8.1,7.5,361
Luxury Spacious Apartment Midtown Casablanca,33.585093,-7.6076519,7,7.3,7.5,7.5,7.5,7.9,7.1,7.5,7.5,828
Equi Palace & SPA Near Aeroport,33.21185862,-7.50337866,113,8.2,9.3,8.2,8.5,8.2,8.1,8.1,10,858
Be Live Collection Marrakech Adults Only All inclusive,31.64902852,-7.92278141,978,8.6,9.2,8.9,9.2,9.2,8.5,7.9,8.4,4235
Ibis Casablanca City Center,33.5984816,-7.61340469,821,6.9,7.7,6.9,7.4,7.3,6.9,8.5,8,637
Hôtel Inou,30.49821803,-9.6724534,132,7.8,8.9,7.6,7.9,8.2,8.2,7.8,8.5,231
Camping Auberge Aain Nakhla,28.94099481,-9.93336813,26,7.6,8.7,7,6.9,6.9,8,7.8,2.5,418
Hotel Lawrence d'Arabie,31.62681486,-8.01640257,2,7.2,8.2,7.1,7.5,7.5,7.6,8.4,7.7,752
RIAD MAROSKO,31.512373,-9.767399,209,8.8,9.6,8.9,9.2,9.2,9,9.3,9.6,892
Ibis Casanearshore,33.52721989,-7.63982177,351,7,8.2,7.1,7.6,7.4,6.9,7.7,7.8,637
Dar De Santis,33.3510581,-8.30853939,99,7.1,8.9,6.8,7.9,7.6,6.8,7.1,4.2,557
Riad Le Jardin d'Abdou,31.62791567,-7.97410011,438,8.9,9.6,9.1,9.4,9.4,9.2,7.9,8,1159
Lodge Hara Oasis,30.69018929,-6.42692953,163,9.3,9.7,9.2,9.4,9.4,9.2,9.5,5.8,869
Erg Chebbi Camp,31.08349236,-3.96839217,81,9.3,9.5,9.5,9.7,9.8,9,9.4,9.5,1505
Erg Chebbi Camel Trek Camp,31.10181485,-3.94808099,73,9.4,9.7,9.4,9.4,9.4,9.4,9.8,10,602
La Palmeraie De Massa,29.96372507,-9.6614711,76,9.2,9.4,9.1,9.3,9.2,9.1,9.3,8.3,535
Hotel al Madina,32.293681,-9.233191,118,8.1,9,8.1,8.9,8.7,7.9,8.5,8,712
Le Douar Berbere,31.3932545,-7.75424212,24,9.5,9.7,9.1,9.6,9.8,9.3,9.8,9.7,1560
Riad Kasbah des Roches,31.55003454,-5.90958564,70,8.7,9.9,8,9,8.5,9.1,9.2,9.9,390
KENZ MEHDIA Hôtel Ressort,34.258901,-6.671952,234,7.2,8.1,7.2,7.6,7.7,7.2,8.3,7,732
Luxurious Merzouga Desert Camp,31.07895091,-3.97100196,26,8.8,9.5,8.8,9,9.2,8.8,9.4,9.5,1128
Grand Mogador Menara,31.62385769,-8.01245034,1,7.1,8.1,7.1,7.7,7.8,7.1,8.6,7.7,1194
Riad Fes Iline,34.06091801,-4.98052204,280,8.8,9.4,8.6,8.9,8.8,9.1,9.5,8.5,853
Riad Olika,31.62694963,-7.98507325,132,9.4,9.9,9.4,9.6,9.5,9.3,9.6,7.5,1783
Riad Cafe Du Sud,31.209138,-4.024716,17,8.9,9,9,9.4,9,8.8,9.1,9,1980
Hotel Miramar,35.77898513,-5.80242789,558,6.9,8.3,6.7,7.4,7.3,7.2,9,7.1,502
Relax Oujda,34.73450633,-1.92800134,1,8.6,9.3,8.5,8.8,8.7,8.5,8.4,8.1,541
Riad Africa,31.6203422,-7.98556924,332,8.2,9.3,8.2,8.5,8.4,8.3,8.8,8.5,1219
Riad Vallée Verte Asni,31.23607335,-7.98473876,82,9.2,9.7,8.7,9.3,9.2,9.2,9.1,8.8,320
Riad Janoub,29.69884532,-9.72280383,201,9.3,9.7,9.3,9.5,9.5,9.2,9.2,8.9,742
Essaouira Lodge,31.51119096,-9.63605046,329,8.3,9,8.4,8.5,8.5,8.4,7.7,7.8,702
Dar Warda,31.63373468,-7.99343348,114,9.3,9.9,9.2,9.5,9.5,9.2,9.3,10,1003
Riyad Dar Karaz,33.82818046,-4.84336138,36,7.4,9,7.1,7.4,7.3,8.6,8.7,3.3,256
Riad Wazani Square & SPA,31.6258993,-7.98660307,440,9.3,9.7,9.4,9.5,9.5,9.2,9.7,9.6,1712
Kasbah Oulad Othmane,30.60426789,-6.16769135,150,9.1,9.7,8.7,9,8.8,9.2,9.3,6.9,479
HoTEL AFOULKI,29.71674418,-8.97038183,35,8.8,9.6,8.4,9.4,9.1,9.2,9.3,10,245
Atlas Resorts,31.57554884,-7.65726149,56,8.1,9.2,8,8.2,8.1,8.3,8.2,6.9,441
dar wassim el ghali,34.02726223,-6.83355352,856,8.5,9.3,8.3,8.6,8.5,8.8,9.3,8.7,553
Joli Chalet dans une ferme Pour familles exclusivement près ifrane,33.39658472,-5.29193299,28,8.2,9.1,8.4,8.7,8.6,8.8,8.7,9.1,530
Villa Katia,31.52408084,-7.94363022,164,8.5,9.3,8.4,8.8,8.5,8.6,8.1,9.8,724
Hotel Barbas,22.05454169,-16.74736038,40,6.5,8.1,5.9,6.6,6.5,7.6,7.7,8.1,334
Kanz Erremal,31.12692271,-4.01325658,162,8.1,8.6,8,8.2,8.2,8.2,9.5,8.3,680
Riad Dama & Spa,31.62691079,-7.98040867,643,9.2,9.8,9,9.4,9.2,9.3,8.8,8.4,1254
La Baraka Auberge,31.04275638,-7.13041395,364,8.8,9.6,8.4,8.8,8.7,9.3,9.5,7.9,431
PUERTO MARINA ASILAH,35.4680778,-6.03445851,296,9.4,9.6,9.3,9.4,9.5,9.3,9.7,8.8,435
Jad Auberge,31.37339299,-7.776483,80,6.8,8,6.7,7.6,7.5,7.4,6.8,4.2,301
The Best Stop,32.6873481,-4.73773077,47,9.3,9.8,9.4,9.7,9.6,9.7,9,5,267
The Medina Hostel,35.78643544,-5.81025749,674,7.4,8.6,7.2,7.2,7.2,8.1,8.6,6,251
Oceana Surf Camp,30.54592674,-9.71449167,367,7.1,8.1,6.9,7,7.1,7.3,8.9,6.7,349
Riad Selouane,31.63202418,-7.99045086,283,9.3,9.7,9.1,9.7,9.5,9.3,9.6,9.8,2005
Casa Sabila,35.17009859,-5.25871754,439,9.5,9.9,9.3,9.6,9.5,9.5,9.7,9.5,724
Dar Liouba Hotel,31.51364297,-9.7662127,226,9.1,9.7,9,9.4,9.3,9,9.1,8.8,1313
Hotel LAHLOU riad Cafeteria,34.6804445,-1.91376989,161,9.2,9.7,8.9,9.3,9.1,9.3,9.1,9.6,682
Le relais des sables,29.750877,-7.975634,43,8.4,8,8.9,9.1,9.1,7.9,8.7,10,557
Les Dunes D'Or Resort,30.40588234,-9.60019469,2,7.5,8.2,7.5,7.8,7.9,7.6,9,6.8,846
Kasbah Tizimi,31.42896065,-4.24591541,135,8,8.8,8.2,8.5,8.4,8.3,8.5,7.5,557
Villa Nora,34.88611576,-6.293782,313,7.1,8,6.6,7.1,7.2,7.1,9,6.3,491
Maroc Lodge,31.21406456,-8.24152976,24,9.4,9.9,9.4,9.7,9.8,9.3,9.8,9.9,1577
Gite Likemte,31.15599579,-7.84473824,11,8.6,9.3,8.6,9.1,8.6,9.1,8.6,9.3,113
Riad Anya & SPA,31.61934637,-7.99512863,440,9.8,10,9.7,9.8,9.8,9.6,9.6,9.2,2208
Kasbah Itrane,30.67546626,-6.39354676,19,8.8,9.4,8.5,9.2,8.2,8.9,9.3,8.8,613
Maison Vallée Du Ziz,31.76384303,-4.20363843,30,8.9,9.8,8.9,9.2,8.8,8.9,9,9.8,591
Riad Meftaha,34.02550779,-6.84252977,704,9.3,9.7,9.3,9.5,9.5,9.4,9.4,8.9,582
CASA BEACH HOTEL,33.4725246,-7.97441392,53,6.5,7.6,6.9,6.9,7.5,7.3,8.1,3.8,382
Hotel Riad Ali,31.096448,-4.006123,146,9,9.4,9,9.2,9.1,8.9,9.5,8.1,658
Serdrar Camp,30.72323704,-5.47702789,59,9.6,9.9,9.3,9.6,9.3,9.5,9.5,7.5,334
Hotel Riad Dalia Tetouan,35.5717006,-5.36702952,374,8.2,9.2,7.9,8.2,8.1,8.6,8.8,5.4,237
Tizi Maison d'Hôtes,31.29292744,-7.2392714,124,8.9,9.8,8.5,8.9,8.7,9.2,8.8,7.5,312
Marbella Beach location pour famille,33.76070361,-7.27378607,32,9.3,9.5,9.4,9.5,9.5,9.3,8.6,9.5,724
Riad De Rêve,30.33781979,-5.83961964,60,9.6,10,9.3,9.3,9.6,9.8,9.6,10,456
Riad Chorfa,31.62921288,-7.99006462,236,8.9,9.6,8.8,9.1,9,8.8,9.5,8.3,1616
Hôtel Saja,35.15490022,-2.91224977,411,8.8,9.3,8.8,9.2,9.1,9.1,8.3,9.1,669
Ecolodge La Palmeraie,30.9036608,-6.89778328,603,8.3,9,8.1,8.4,8.3,8.1,7.9,7.6,469
Maison d'hôte ''J'',30.67522173,-6.38511658,36,8.7,9.4,8.3,8.1,8.4,8.4,8.8,9.4,615
Le jardin d'habiba,32.52106377,-6.14099264,54,8.6,9.6,7.8,8.8,8.4,9.1,7.7,7.5,312
Riad Bayti,31.61961479,-7.98378165,508,9.5,9.8,9.4,9.7,9.6,9.6,9.6,9.2,1337
Riad Alia,31.620607,-7.982608,761,9.3,9.7,9.2,9.5,9.5,9.5,9.2,9.1,831
Hotel du Golf,33.70693633,-7.40099117,536,7.7,8.8,7.8,8.2,8.2,7.6,7.7,8.8,802
Kyriad Residence Casablanca,33.5938581,-7.59964087,737,7.9,8.4,8,8.3,8.4,8.1,8.4,7.2,494
Riad Dades Birds,31.27719965,-6.05508088,201,9.4,9.8,9.4,9.5,9.5,9.5,8.8,9.8,481
Auberge Palacio Sidi Hamza,32.44036485,-4.72882301,18,8.8,9.4,7.9,8.3,7.8,8.3,9.7,7.5,557
Dar Duna,31.143916,-4.026495,17,9.5,9.7,8.9,9.3,9.4,9.4,9.7,9.7,279
Gite Elkhorbat,31.49323719,-5.08821487,87,9.1,9.4,8.8,9.3,9.1,9.3,9,5,658
Fellah Hotel,31.51034332,-7.92694688,36,9,9.4,8.9,9.2,9.2,8.5,8.6,6.3,1501
maison d'hote ighrem,31.69105105,-4.94752791,23,8.9,9.7,8.9,9.2,8.8,9.1,9.2,9.7,479
Hotel Avenue Suites Deluxe,33.5780215,-7.63681773,1,7.8,8.4,7.8,8.1,8.2,8,8,8.5,853
Imsouane soul lodge,30.845273,-9.819523,226,9,9.8,8.6,8.8,8.7,8.9,8.8,8.8,424
Riad Carina,31.61905401,-7.98609495,592,9.2,9.8,9.1,9.3,9.2,9.3,9.6,8.1,1133
ASNFU AUBERGe,30.84413587,-9.81878526,19,9,9.6,8.7,9.2,8.8,8.8,9.1,9.6,368
Ksar Shama,31.19807312,-8.04934144,278,8,8.7,7.7,8.1,8.1,7.7,9.1,6.8,706
Dar Zelda,31.63161083,-7.98472166,232,9.3,9.9,9.2,9.3,9.4,9.1,9.2,8.1,1698
El Kennaria,31.62601323,-7.98643559,403,8.2,9.4,7.9,8.4,8.1,8.6,9.6,8.3,506
Rise In Valley,33.50627829,-5.18073189,119,8.7,9.2,8.3,9.1,9,8.4,8.4,5.2,663
Tamri house,30.69247402,-9.82706378,5,8.4,9.5,8.5,8,9,9,7.5,9.5,379
auberge restaurant tizgui,31.57647523,-5.58298257,27,9.6,10,9.1,9.5,9.4,10,9.7,10,256
MIGUIRNE Chez Ali,31.438971,-5.993065,29,8.9,9.7,9,9.1,8.9,8.7,9.6,7.5,446
Chez Ichou,31.49438933,-5.95080476,182,9.4,9.7,9.4,9.6,9.7,9.5,9,8.5,900
Auberge Amellagou,32.003861,-5.025084,20,9.6,10,9.6,9.9,9.8,9.8,9.6,5,381
Auberge Agoudal,32.01660631,-5.48111438,80,9.1,9.8,8.7,9.1,8.9,9.4,9.4,8,334
Villa Pomme d'Or,32.67874243,-4.74036455,397,9,9.7,8.9,9.1,9.2,9,9.2,7.9,613
Kasbah Tigmi N'Oufella,31.27624013,-7.1512413,83,9.2,9.6,8.9,9.5,9.1,8.8,9.4,9.6,546
Riad L'Orchidée Suites & Spa,31.63398588,-7.99355149,273,9.1,9.7,9,9.1,9.1,9.3,8.8,9.7,733
VANCII Hotel,35.16795222,-5.26155872,511,8.2,8.9,8.3,8.8,8.7,8.1,9.2,9.2,981
Zalagh Kasbah Hotel & Spa,31.5861123,-7.98480749,696,6.3,7.3,6.3,6.9,6.9,6.4,7.5,5,782
Tarmguist,28.97250871,-9.92649212,105,9,9.7,8.1,8.3,8.3,8.9,9,4.4,323
HOTEL BEACH CLUB LEGZIRA,29.44682578,-10.1150249,301,8.1,9.1,7.3,7.8,7.8,8.3,9.5,9.1,301
Kasbah Citoyenne,32.01386438,-5.48371196,18,8.8,9.7,8.3,8.6,8.6,8.8,9.6,5,245
Zagora Desert Camp,30.37170078,-5.76788664,7,9.1,9.6,8.6,8.6,8.9,8.6,8.9,9.6,853
Le Vizir Center Parc & Resort,31.70447904,-7.97128379,154,6.4,7.4,6.3,6.8,6.8,6.6,6.5,4.2,836
Sania Hotel,32.650309,-8.423864,72,8.7,9.4,8.5,8.9,8.8,9.1,8.9,8.4,415
Dar Talmoudi,29.90696597,-5.53275931,26,9.4,9.7,9.1,9.6,9.6,9.8,9.4,9.7,417
Riad Fes Bab Rcif Sid Aowad & spa,34.0621337,-4.97271307,839,9,9.5,8.9,9,9.1,9.1,9.4,8.9,632
Complexe Collier D' Ambre,32.157112,-5.63148,13,8.2,9.4,7.9,8.5,7.5,8.8,9.6,9.4,232
Dar Paru,29.82276484,-5.67411661,23,9.6,10,9.1,9.6,8.9,9.1,9.9,8.3,691
Prestige Hotel & Spa,35.56592,-5.38210536,1,8.7,9.5,8.7,9.1,9,8.7,8.8,8,635
Jm Suites Hotel ECO-FRIENDLY,33.59228754,-7.62547731,180,8.4,8.9,8.6,9.1,9.1,8.5,8.9,9.2,802
Sawadi Ecolodge,31.10997875,-6.58057451,137,9.4,9.6,9.3,9.5,9.5,9,8.9,9.6,1020
Hiking Nomads Guesthouse,31.44514516,-5.98473201,71,9.4,9.9,9.3,9.8,9.6,9.7,9.6,10,241
Sahara Luxury Tented Camp,31.1823752,-3.97658168,14,9.9,9.8,10,10,10,9.8,10,9.8,1449
SOUKTANA,30.531266,-7.923879,55,7.1,8.2,6.7,7,7,7.5,7.7,6.3,156
Maison Merzouga Guest House,31.138702,-4.025814,93,9.5,9.8,9.4,9.6,9.4,9.2,9.5,5,758
Hotel Aymen,34.25975032,-5.92101127,52,6.7,8.1,6.7,7.2,7.2,6.3,7.8,8.4,677
Le Palais Paysan,31.41566239,-8.04206461,31,9.4,9.7,9.3,9.7,9.7,9.3,9.4,9.7,2051
Equinox,28.49083881,-11.33789062,41,7.6,8.7,7.4,8.1,7.9,8,8.3,10,281
La Ferme Berbere,31.54380327,-7.96815634,46,8.5,9.1,8.2,8.7,8.5,8.6,8.3,8.8,1326
Atlas Essaouira & Spa,31.5073614,-9.76456046,1,8.2,8.7,8.2,8.7,8.7,8.1,9.1,8.5,1018
Hotel AL BASSATINE,32.33706066,-6.37572992,658,6.2,7.3,6.1,6.8,6.6,6.5,7.6,6.5,415
ODYSSEE Boutique Hotel Casablanca,33.59642,-7.614553,997,8,8.8,8.1,8.7,8.7,8.1,8.5,8.1,1070
La Kasbah du M'goun,31.65459788,-6.43884659,81,8.2,8.3,7.6,8.1,8.2,8.4,9,7.5,557
Zephyr Mazagan,33.25375591,-8.43821428,272,7.3,7.6,7.5,7.4,7.9,7.9,8.5,8.6,858
Relax Airport,33.39283334,-7.56600738,2,8.3,8.8,8.5,8.7,8.8,8.3,8.9,8.2,731
RIAD ANYSSA,31.61273529,-7.98609556,121,9.2,9.6,9.3,9.5,9.5,9.4,9.1,10,1078
Palais Medina & Spa,34.04779767,-4.99391796,1,8.4,8.9,8.2,8.6,8.7,8,9.1,8.1,1264
Riad Fabiola Et Spa,31.62548565,-7.97492623,325,8.1,8.9,8.3,8.5,8.6,8.5,7.6,7.5,837
Riad Damia,34.05768383,-4.97796535,575,9,9.6,8.9,9.1,9.1,9.3,8.9,8.3,794
Sahara Dream Luxury Camp,31.11310674,-4.00771111,141,9.6,9.7,9.6,9.6,9.6,9.5,9.8,10,1069
Kenzi Rose Garden,31.62370406,-8.00778761,2,7.8,8.3,8,8.3,8.4,7.7,8.8,7.1,1435
Dar Yaya,29.82813718,-5.72607867,61,9.8,10,9.7,9.9,9.9,9.9,9.8,10,251
Riad Hiba,30.12602925,-6.87355757,70,7.9,9,7.4,8,7.9,7.7,8.3,9,702
Elegant Luxury Camp,31.10783725,-4.00910008,70,9.4,9.8,9.6,9.8,9.8,9.3,9.4,9.8,1219
Riad Assia,30.0797,-6.874745,70,8.4,9.6,7.9,8.3,8.2,8.8,8.4,5,446
Dar Bouanani,35.46468751,-6.03665203,277,8.3,9.3,8,8.6,8.4,8.6,9,8.3,351
Oasis de Tiout,30.39147218,-8.69145691,91,9.3,9.8,8.9,9.3,9.2,9.4,9.4,10,446
Auberge Restaurant Targa Taliouine,30.55055069,-7.96858506,13,7.5,9.6,7.5,7.9,8.1,8.3,8.1,9.6,309
Riad Ayadina & SPA,31.64394217,-7.99082637,235,8.9,9.6,9,9.3,9.3,9,8.3,8.5,1654
Hotel Moulay Yacoub,34.08774184,-5.17500043,439,5.1,7.6,4.9,5.8,5.5,5.8,6.9,3.8,259
Mama Souiri Hotel,31.51219,-9.772066,666,7.7,8.6,7.7,7.9,7.9,8.1,9.2,7.6,335
Hotel Atlal,35.087579,-2.236196,31,5.2,7.2,5.4,6.1,6,6,7.8,7.5,591
Suite Azur Hotel,31.514715,-9.769387,510,9,9.4,9,9.5,9.4,8.7,9.4,8.1,3210
Dar Tourkia,30.47410783,-8.87325568,354,9.3,9.6,9.3,9.5,9.4,9.1,9.6,8.7,577
Kasbah Tissint,29.90706665,-7.31730759,41,8,8.7,8.3,8.5,8.6,7.6,8.4,8.3,697
M'hamid Desert Camp Tours,29.82595985,-5.72203551,12,9.7,9.6,9,9.4,9.4,10,9.8,9.6,267
Hotel AMOUDOU فندق أمودو,29.69178149,-9.72683384,67,8.2,8.7,8,8.7,8.5,9,8.2,8.8,286
Hotel Imilchil,32.63902055,-5.9188992,71,8.4,9.2,7.7,9,8.2,9.1,8.5,7.5,145
SOBOL Le Chant des Oliviers,31.55884348,-7.85381377,135,8.9,9.5,8.9,9.3,9.3,8.9,8.4,7.5,1188
Hilton Garden Inn Tanger City Centre,35.77378314,-5.7871203,2,8,8.5,8,8.4,8.5,7.6,9.1,8.4,1400
Gite porte oasis,31.93214063,-4.3960954,92,7.9,8.7,8,8.4,8.1,8.3,8.2,9.4,321
"Radisson Blu Resort, Saidia Garden",35.10758652,-2.30704457,80,6.9,7.9,7.5,7.7,7.8,7,8.2,9.5,765
Urban Hotel & Spa,34.25169679,-6.58462766,85,9.3,9.7,9.7,9.9,9.8,9.2,9.3,9.7,1083
Dar Iziki,31.35511014,-9.79493358,242,9.4,9.8,9.1,9.3,9.3,9.6,9.4,8.5,286
Maison du Soleil,29.70278274,-9.73178118,104,9.1,9.7,9.1,9.5,9.4,9.1,8.8,9.2,557
Riad Tafilag,30.474467,-8.87790263,420,9.2,9.8,9.3,9.6,9.4,9.1,9.3,8.4,584
La Porte du Dades,31.30390323,-6.03394434,122,9.3,9.9,9.1,9.5,9.3,9.5,8.8,7.5,446
Hotel & Spa Dar Bensouda,34.06253407,-4.97540049,615,9.2,9.5,9.3,9.5,9.5,9.1,8.7,8.6,2663
Desert Heart Luxury Camp,31.10048468,-3.95346299,429,9.4,9.8,9.4,9.5,9.5,9.4,9.6,7.8,1315
Residence Perle de Nouaceur Near Airport 5 mn!,33.39248864,-7.56369687,7,9.7,9.6,9.6,10,10,9.6,9.6,9.6,737
Citadelle Gorges,31.43657025,-6.00999892,46,9.5,9.9,9.3,9.5,9.5,9.7,9.6,10,417
Casa Blue Star,35.16923668,-5.25961067,635,9.2,9.6,9,9.3,9.2,9.4,9.4,8.2,446
Hotel Restaurant Bougafer,32.68282069,-4.74277854,115,8,9.4,7.8,8.3,8,8.5,8.3,9.2,446
Riad Villa Midelt,32.66904848,-4.73751873,462,8.8,9.6,8.6,8.9,9,8.9,8.1,8.3,600
Hotel & Spa Riad Dar El Aila,31.63538006,-7.99245447,268,8.7,9.5,8.7,8.9,8.8,8.9,8.5,8.3,1271
Riad Safari Fes,34.0601837,-4.97640967,373,8.4,9.1,8,8.5,8.3,8.9,8.6,7.1,242
Hôtel Narjisse,31.62157328,-7.99037308,174,7.7,8.5,7.3,8.1,7.7,8,8.7,9,552
Auberge Tinit,31.91647032,-4.45495605,121,8.5,9.1,8.6,9.1,8.9,8.8,8.2,7,568
Farah Safi,32.29553103,-9.23898026,270,6,7.7,6,6.5,6.6,6.3,7.7,7.1,658
Barceló Palmeraie,31.66129463,-7.93401182,1,7.7,8.4,7.7,8.1,8,7.6,7.7,8.2,1588
Riad Wabisabi,31.63886137,-7.99253391,31,8.9,9.7,9,9.3,9.2,8.7,7.6,9.7,1248
Auberge Tissadrine,31.52199559,-5.92890882,236,9.4,9.7,9.2,9.4,9.3,9.5,9.6,9.6,513
Premiere Classe Casablanca Centre Ville,33.59411197,-7.59931269,2,7.4,8.1,7.5,8,7.9,7.8,8.1,7.7,404
Hotel Al Massira,27.15627609,-13.20129329,179,6.8,8.2,6.8,7,7.2,6.6,8.4,7.5,876
Kasbah Dar Daif,30.90600362,-6.8815881,754,9.3,9.7,9.4,9.6,9.4,9.4,8.2,9.1,635
Riad Jomana,31.63054889,-7.9949449,549,8.9,9.7,8.6,8.9,8.8,9.3,9.1,8.3,421
Casa Del Senator Fnideq,35.855213,-5.352134,11,7.2,8.4,6.8,7,7.5,7.7,9.3,8.4,433
Bivouac Erg Chegaga Nomademoi,29.80854978,-6.19875683,4,9.2,10,8.1,8.8,8.8,8.1,10,10,938
Hôtel Zahrat Souss -Inezgane,30.35890106,-9.52939139,46,7.2,8.3,7.7,7.7,7.8,7.5,6.6,10,401
Riad Omara al Kasbah,31.61573248,-7.98869561,398,9,9.5,9,9.4,9.5,9.1,9.2,8.4,1059
L' Amphitrite Palace Resort & Spa,33.86808381,-7.05586061,114,6.1,7,6.4,7.2,7.1,5.7,8.4,8.4,1184
Camp Sahara Majestic,29.81230018,-5.76559751,64,9.5,9.9,9.9,9.9,9.9,9.9,9.9,10,223
Riad Dar Achaach,35.55174202,-5.37142396,327,9.2,9.6,9,9.5,9.5,9.2,8.9,9.2,476
Riad Faraj,31.62230453,-7.98719376,185,8.8,9.4,8.8,8.9,8.9,8.9,9.5,8.2,883
Auberge Kasbah Chez Amaliya,29.75298237,-8.96803128,233,8.8,9.5,8.5,8.9,8.8,8.9,9.3,10,481
Riad Dar Jabador,34.04136952,-6.82760864,175,9.2,9.8,8.9,9,9,9,8.4,8.6,1154
Hotel Toubkal,33.59717688,-7.61458352,241,7.2,8.5,7.1,7.4,7.6,7.3,8.4,7.7,556
Hotel De La Vallée,31.58327676,-5.59137583,53,7.9,8.8,7.6,7.7,7.9,8.7,9.5,7.5,474
Riad le Jasmin,30.478911,-8.840167,114,8.6,9.2,8.9,9.2,9,8.7,8.3,8.4,1042
Grand Mogador City Center Casablanca,33.59573514,-7.59931919,664,7.6,8,7.9,8.3,8.3,7.7,7.9,7.5,1784
Riad 7 Saints,31.636624,-7.991305,91,8.7,9.5,8.8,8.8,9,8.8,8.3,8.8,853
Yes we Camp's Agafay,31.42382975,-8.2101558,47,7.7,7.9,8.2,8.8,8.8,6.9,8.7,7.9,2305
Riad Safran et Cannelle & Spa,31.62572439,-7.98525569,173,8.9,9.7,8.8,9,8.9,8.7,9.5,9,1755
Short Term Rentals,34.25730281,-6.5868045,65,9.4,9.5,9.3,9.4,9.4,9.2,9.3,8.1,614
Riad Beldy,31.51357281,-9.77128315,595,8,8.9,7.6,8.4,8.2,8.5,9.3,9.2,316
Plage Skhirat appartement amis et familles,33.8667942,-7.06190152,1,10,10,10,10,10,10,10,10,441
Maidan El Arsa,31.64443993,-7.79507875,16,9.7,9.5,9.4,9.5,9.5,9.5,8.8,9.5,892
Teacook Marrakech,31.5990922,-7.79220879,20,9.5,10,9.1,9.6,9.1,9.8,9.3,10,502
Riad Challa Restaurant & Spa,31.62307184,-7.98844239,859,8.7,9.4,8.6,8.9,8.8,8.7,9.3,9.3,923
Dar Qamar,30.70715772,-6.44838184,46,8.9,9.2,8.8,9.2,9.2,8.1,9,9.2,1387
Riad Arbre Bleu,31.63429418,-7.99078882,308,8.6,9.1,8.6,9,8.9,8.9,8.7,7.5,1103
Café restaurante shelter calm life,31.07670809,-4.87631555,1,9,10,7.5,10,10,10,10,10,542
Appartement de LUXE Marina SAIDIA avec vue sur PISCINE Résidence TAMARIS,35.0998833,-2.2876645,29,9.9,10,9.9,10,10,10,9.6,10,634
Fes Marriott Hotel Jnan Palace,34.03262994,-5.00383258,1,8.4,8.9,8.5,8.9,8.9,8.2,8.8,8.9,1500
Riad Elite,31.61365352,-7.98601252,228,8.1,9.4,7.9,8.5,7.9,8.5,8.2,6.4,802
Riad Jnan El Cadi,31.62955662,-7.98457967,496,9.4,9.8,9.2,9.5,9.5,9.5,9,9,1346
Riad Medina Art & Suites,31.62426591,-7.98472037,573,9,9.4,9,9.2,9.2,9,9,9.6,1285
Auberge Restaurant le Safran Taliouine,30.529985,-7.910264,216,7.3,8.3,6.8,7.3,7.3,8,8.2,7.5,281
Royal Tulip City Center,35.77294856,-5.78658701,2,8.3,8.9,8.4,8.8,8.8,7.9,9,8.6,1500
La Claire Fontaine,31.63616562,-7.99088404,79,9.7,9.8,9.7,9.9,9.8,9.6,9.2,10,1531
Riad Palais Des Princesses & Spa,31.62437796,-7.98629612,598,8.9,9.4,8.8,9.3,9.1,8.8,9.4,8.2,1292
Sahara Majestic Luxury Camp,31.10039741,-3.97577361,422,9.7,9.9,9.7,9.8,9.8,9.7,9.8,8.3,1254
Vichy Thermalia Spa Hôtel,34.090593,-5.185012,681,8.6,9,8.8,8.9,9,8.1,8.8,8.7,1594
Authentic Desert luxury Camp,31.09252878,-4.006032,30,9.5,9.8,9.8,9.9,9.8,9.3,9.9,9.8,2006
Riad Le Plein Sud,31.63647049,-7.99439371,62,8.6,9.5,8.4,8.7,8.8,8.9,8.3,2.5,802
Authentique berber Camp,29.87926707,-5.68194511,55,9.8,10,9.4,9.7,9.7,10,9.9,10,401
Desert Bivouac Mhamid,29.8565991,-5.75326592,15,9,9.3,9,9,8.9,8.3,8.7,9.3,401
Essaouira Beach Hostel,31.503411,-9.762451,769,9,9.5,8.9,8.9,8.9,9.1,9.5,8.9,339
Diyar Timnay,34.05666608,-5.52384853,71,8.3,9.2,8.1,8.5,8.3,8.9,9,10,226
palais alfirdaous medina,34.06336453,-4.97474068,3,9.3,10,10,10,10,10,9.2,10,535
Noaille Hotel Casablanca,33.591423,-7.615452,581,8,9.2,7.9,8.3,8.4,8.1,7.7,9.2,1042
Auberge des Cascades Imouzzer - Paradise Valley,30.67679502,-9.47694987,98,8.4,9.3,7.7,8.6,8.3,8.3,9.4,3.8,572
Africa camps,31.09513071,-3.9520954,96,9.3,9.5,9.3,9.3,9.2,9.2,9.6,8.8,998
Oasis212 Dakhla,23.6301783,-15.86112248,35,9.3,9.9,9,9.5,9.7,9.3,9.2,9.9,2142
Dar Assarou - Toubkal National Park Lodge,31.13584,-7.916729,156,9,9.7,8.6,8.7,8.7,8.8,9.5,8.1,401
Bivouac ZAGORA,30.37071605,-5.77052785,25,9,9.5,8.7,8.9,8.9,9.1,8.5,7.5,563
Résidence Hoteliére Chez Aziz,35.16706554,-5.2678518,593,9.1,9.6,9.1,9.3,9.3,9.2,9.4,9.3,669
Borj Biramane,29.05870657,-8.85487854,45,9,8.9,9.1,9.3,9.2,8.4,9.2,6.3,669
Maroc des Merveilles - Chez L'habitant,31.19014824,-6.18206033,52,9.6,10,9,9.6,8.9,9.7,9.1,8.8,311
Riad N10,31.62458428,-7.9863739,278,8.8,9.6,8.6,8.9,8.8,9,9.6,9.3,522
Puerta Azul,35.16436624,-5.26289266,765,9.4,9.8,9.2,9.5,9.4,9.4,9,8.9,858
Riad Le Grand Large,31.51461421,-9.76931199,639,7.8,8.6,7.4,8.1,7.7,8.5,9,6.3,270
Hôtel Riad Gnaoua,31.51531677,-9.76683095,690,7.9,8.7,7.7,8.1,7.9,8.3,8.5,7.8,377
Wazo Hotel,31.67720552,-8.00195151,3,7.4,8,7.5,7.9,7.8,7.6,7.5,8.1,795
Camp Sahara Holidays,29.82780387,-5.72823982,155,9.7,9.8,9.6,9.7,9.6,9.8,9.8,9.9,334
Be Live Experience Marrakech Palmeraie - All Inclusive,31.64869516,-7.92572111,991,8.2,9.1,8.4,8.7,8.7,8.2,7.7,7.7,2820
Hotel Relax Marrakech,31.6698137,-8.0109939,2,8,8.9,8,8.4,8.3,8.2,8.5,7.3,561
"Radisson Blu Marrakech, Carré Eden",31.63450924,-8.01149477,2,8.3,8.8,8.4,8.7,8.7,8,9.2,8.5,2250
Riad Le Bel Oranger,31.63475227,-7.98980587,435,8.7,9.6,8.5,8.9,8.7,9,8.7,9.3,535
Riad Bab Essaouira,31.5145811,-9.7705717,260,9.2,9.8,8.8,9.2,9,9.2,9.4,8.3,767
Riad Anis Fes,34.0611306,-4.9807083,96,8.5,9.6,8.4,8.6,8.4,8.8,9.2,10,311
Dar Jenna 79,31.62428171,-7.98406096,103,8.9,9.7,8.5,8.8,8.9,9.5,9.6,9.6,401
Riad NaaNaa Bed & Breakfast,31.62759435,-7.98733841,174,8.9,9.5,8.9,9.3,9.3,9.1,9.1,10,1386
Riad Sidrat Fes,34.063987,-4.980518,380,9.4,9.7,9.5,9.7,9.6,9.4,9.7,9.4,892
FUENTES,35.78555048,-5.81059495,518,6.5,7.9,6.5,6.4,6.5,7.2,8.2,7.7,281
Riad Maison Du Sud,31.51405685,-9.76869106,412,8.4,9.2,8.2,8.5,8.6,8.5,9.4,6.9,714
Aiour Luxury Camp,31.058675,-4.017346,49,9.5,9.6,9.5,9.7,9.7,9.4,9.7,9.6,1805
RiadSuerteloca Merzouga,31.1240988,-4.01220888,201,9.3,9.3,9.3,9.5,9.6,9.4,9.6,9.2,942
Hôtel Atenas,35.57102616,-5.37701368,343,8.4,9.4,8.2,8.8,8.7,8.4,9.1,8.8,858
Le Chant Des Palmiers,30.69597694,-6.43610001,84,9.1,9.8,8.9,9.1,8.9,9.1,9.2,6.3,624
Kasbah Africa,31.17997844,-8.06850046,266,8.3,9.3,8,8.3,8.3,7.9,9.3,4.7,1204
Kasbah Ait Bouguemez,31.63884085,-6.4816761,19,8.6,9.2,8.2,9.5,8.7,8.6,9.5,6.9,371
africa luxury camps,31.09238917,-4.00581152,18,9.7,10,9.6,9.3,9.9,9.9,9.7,10,2006
Mimi Calpe,35.7828567,-5.8082506,247,8.9,9.6,8.7,8.9,9,8.6,9.4,7.8,2170
Riad Dar Hamid Hotel & Spa,31.62682028,-7.99066701,188,9.8,10,9.8,9.8,9.7,9.7,9.9,9.2,2909
Kasbah Hnini,30.582695,-6.151373,2,10,10,10,10,10,10,10,10,1254
Al Mandari Hôtel Tétouan,35.56905638,-5.37663431,661,8.6,9,8.6,9,9,8.7,9.1,8.9,792
Erfoud Palace,31.41901345,-4.24373209,17,7.4,8.2,6.6,7.2,7.9,6.6,7.9,2.5,1427
L'empreinte D'ifrane,33.52931719,-5.10747313,289,7.4,8.4,7.2,7.9,7.8,6.8,9.1,7.3,802
Tinfou desert camp,30.241431,-5.6030055,26,9,9.7,8.5,8.2,8.6,9.1,9.5,9.7,223
Riad De Charme Moullaoud,31.63149664,-7.98341274,344,8.3,9.4,8.3,8.5,8.6,8.3,8.5,6.8,1074
Riad Nila,35.16940387,-5.26049455,251,8.6,9.1,8.6,8.8,8.9,8.5,9.3,9.4,1334
"Sophia Village Hôtel & Spa ,Imouzzer",33.731167,-5.015646,7,7,8,8,8,8,5.5,8.5,8,1505
Dar Nour el Houda,31.63134135,-7.9846251,170,9.4,9.9,9.2,9.5,9.4,9.4,9.2,9.2,1437
La Belle Etoile,34.61553658,-5.21089334,21,9.2,9.5,9,9.4,9,9.4,9.3,9.5,502
Adam Park Marrakech Hotel & Spa,31.59596405,-7.98977494,2,8.3,8.8,8.3,8.7,8.7,8.3,8.6,8.1,1204
Zain Hotel,35.6810127,-5.32046199,308,7.4,8.3,7.4,8.3,8.1,7.7,8.1,5.9,412
Dar Marwa,32.01527912,-6.71862245,225,8.8,9.3,8.6,8.8,8.8,9.1,9.1,7.8,345
Riad Chay,30.92690535,-6.99050623,546,9.3,9.7,9.3,9.6,9.6,9.4,8.7,9.1,990
